{"logK_train_R2": 0.970033108969446, "logK_valid_R2": 0.9366920224705817, "logK_test_R2": 0.9047266060646859, "logK_train_RMSE": 0.98979004667896, "logK_valid_RMSE": 1.4520345653562456, "logK_test_RMSE": 1.9471147904507282, "logK_train_MAE": 0.6211010479384609, "logK_valid_MAE": 0.8241269694380146, "logK_test_MAE": 1.1348427201256803}