{"logK_train_R2": 0.9676550224793841, "logK_valid_R2": 0.9288089600501555, "logK_test_R2": 0.90776819291815, "logK_train_RMSE": 1.030224874509291, "logK_valid_RMSE": 1.528661746293557, "logK_test_RMSE": 1.9157820350246084, "logK_train_MAE": 0.6474227078904533, "logK_valid_MAE": 0.8578534549452037, "logK_test_MAE": 1.1596043223272199}