{"logK_train_R2": 0.9666097854271282, "logK_valid_R2": 0.946143861680187, "logK_test_R2": 0.9077682002375835, "logK_train_RMSE": 1.0467723608016968, "logK_valid_RMSE": 1.3295856714248657, "logK_test_RMSE": 1.915781855583191, "logK_train_MAE": 0.6470960378646851, "logK_valid_MAE": 0.7736409306526184, "logK_test_MAE": 1.1596043109893799}