{"logK_train_R2": 0.987997835309113, "logK_valid_R2": 0.9626574427332171, "logK_train_RMSE": 0.6303903460502625, "logK_valid_RMSE": 1.1119410991668701, "logK_train_MAE": 0.3864213228225708, "logK_valid_MAE": 0.5266038775444031}