{"logK_train_R2": 0.9680320725380235, "logK_valid_R2": 0.9279276574088424, "logK_test_R2": 0.9046291528021375, "logK_train_RMSE": 1.0247272815985362, "logK_valid_RMSE": 1.5349423678766736, "logK_test_RMSE": 1.9481103684515046, "logK_train_MAE": 0.6421898663287204, "logK_valid_MAE": 0.8566406311643969, "logK_test_MAE": 1.1582936289679744}