{"logK_train_R2": 0.9685839437469574, "logK_valid_R2": 0.9331988644726112, "logK_test_R2": 0.8905450160284718, "logK_train_RMSE": 1.0137911211265, "logK_valid_RMSE": 1.4894408094512706, "logK_test_RMSE": 2.087005090505728, "logK_train_MAE": 0.6306245862879072, "logK_valid_MAE": 0.8451245508352235, "logK_test_MAE": 1.1973571853955154}