{"logK_train_R2": 0.9880163555756276, "logK_valid_R2": 0.9688895500277229, "logK_train_RMSE": 0.6299037337303162, "logK_valid_RMSE": 1.0008771419525146, "logK_train_MAE": 0.3829104006290436, "logK_valid_MAE": 0.5013307332992554}