{"logK_train_R2": 0.970087100955095, "logK_valid_R2": 0.9267633734329135, "logK_test_R2": 0.9059423123730189, "logK_train_RMSE": 0.9909067455746478, "logK_valid_RMSE": 1.5493697187900097, "logK_test_RMSE": 1.9346521320766215, "logK_train_MAE": 0.6233218450920655, "logK_valid_MAE": 0.8481740908858207, "logK_test_MAE": 1.1343723431715498}