{"logK_train_R2": 0.985280329863436, "logK_valid_R2": 0.9601412745047109, "logK_train_RMSE": 0.6981179118156433, "logK_valid_RMSE": 1.115286946296692, "logK_train_MAE": 0.38605955243110657, "logK_valid_MAE": 0.5190350413322449}