{"logK_train_R2": 0.9878797856308388, "logK_valid_R2": 0.9672546947943652, "logK_train_RMSE": 0.6334828734397888, "logK_valid_RMSE": 1.0199164152145386, "logK_train_MAE": 0.390607088804245, "logK_valid_MAE": 0.5220919847488403}