{"logK_train_R2": 0.9889240093736145, "logK_valid_R2": 0.9707093298471171, "logK_train_RMSE": 0.6055793166160583, "logK_valid_RMSE": 0.9681507349014282, "logK_train_MAE": 0.37556222081184387, "logK_valid_MAE": 0.4992343485355377}